<?xml version="1.0" encoding="UTF-8"?>
<project-private xmlns="http://www.netbeans.org/ns/project-private/1">
    <editor-bookmarks xmlns="http://www.netbeans.org/ns/editor-bookmarks/2" lastBookmarkId="0"/>
    <open-files xmlns="http://www.netbeans.org/ns/projectui-open-files/2">
        <group>
            <file>file:/Users/juli/NetBeansProjects/employee_management/src/edit_employee.java</file>
            <file>file:/Users/juli/NetBeansProjects/employee_management/src/main_menu.java</file>
            <file>file:/Users/juli/NetBeansProjects/employee_management/src/track_employee.java</file>
            <file>file:/Users/juli/NetBeansProjects/employee_management/src/NewJFrame.java</file>
            <file>file:/Users/juli/NetBeansProjects/employee_management/src/salary_report/report.java</file>
        </group>
    </open-files>
</project-private>
